Date,BUNO,Error_Code_1,Error_Code_2,Error Code_3,Lat,Long,Man_Hours,Flight_Hours,Flights,Network_Anomalies,Major_aircraft_failure,Minor_aircraft_failure,Part_1_replacements
01/29/21,15560,0,1,1,-10.96851,73.55374,9.94258609,29.5798996775,23,46,1,1,0
06/18/20,15559,0,0,0,-2.35374,25.5075,9.536727946,27.5997253896,4,44,1,0,0
03/01/20,15560,1,0,0,-18.52664,-78.96551,10.8457643402,30.6714002196,36,4,0,0,1
01/07/20,15560,0,0,0,-8.74375,-36.22238,10.9447702965,29.5767242138,1,49,1,0,0
09/03/20,15557,0,0,1,135.92123,45.97259,10.1845992523,32.1607609123,34,29,0,0,1
07/14/19,15557,1,1,0,-68.00848,-60.78376,10.1229968909,29.5893682309,11,20,1,1,1
11/14/19,15558,0,0,0,-134.1831,77.4001,10.0014844931,28.4411376744,19,16,0,1,1
10/17/19,15559,0,0,0,-13.60125,38.39348,9.617824476,29.1199478923,25,5,0,0,0
03/11/21,15555,0,1,0,163.54114,-54.56783,10.2214229903,28.9431720977,5,26,1,0,1
12/01/20,15558,1,1,1,38.69254,62.11479,9.3048919691,29.9144728385,20,42,1,1,0
02/14/20,15559,0,0,0,158.43869,36.76836,9.5509055084,30.7848342789,17,9,1,0,0
11/26/19,15560,0,0,1,172.70222,-12.56496,10.9337213362,28.7438067176,8,31,1,0,1
01/29/21,15560,0,0,0,37.23604,87.19288,10.0230397651,31.4804405908,37,44,0,0,0
01/31/20,15555,0,0,1,-84.86869,71.94553,10.2830753546,29.764933212,30,31,1,0,0
09/04/20,15557,1,1,0,0.37983,69.7275,10.5027259317,30.7275860566,11,15,0,0,1
03/16/20,15558,1,0,0,-23.72085,63.65636,9.535272852,31.2284277009,20,34,1,0,0
02/06/20,15555,0,0,0,-123.41707,-21.37129,10.5170486316,31.4661323669,27,22,0,1,1
10/15/19,15557,0,1,0,-143.78367,4.92586,9.252918832,30.374323391,30,19,1,0,0
10/12/20,15559,0,1,0,169.22273,-49.25415,9.9567671507,29.8673471193,19,11,1,0,1
07/02/20,15557,1,1,1,-21.10626,45.36503,9.9507380243,29.3588374887,33,6,1,0,1
12/01/20,15555,0,1,1,166.01093,-38.59945,9.5061633452,31.5242922683,6,8,1,0,1
10/04/20,15559,0,0,1,152.66398,-22.54815,10.2695472273,28.9568900226,26,22,0,1,0
04/10/20,15556,1,0,0,-60.96632,-16.90717,10.5554586273,28.1391438738,8,7,1,1,1
05/31/20,15555,1,1,0,-120.11615,-41.87934,9.6487604139,29.6393334539,22,39,1,1,1
04/29/20,15557,0,1,0,-133.5127,67.44409,9.1743474134,30.1650269271,38,24,1,1,0
01/12/21,15555,0,1,0,-18.74462,66.17578,10.4562214253,28.1735654217,16,9,0,1,0
03/25/20,15557,0,0,0,25.89842,-47.52364,9.923603096,28.9483921546,7,34,0,1,1
05/12/20,15558,1,0,1,-14.3712,-22.33121,9.3844207432,28.1554931207,18,41,0,0,0
04/22/19,15556,1,1,0,25.64529,10.8974,10.9313654543,30.9608462042,14,11,1,1,0
08/14/19,15555,0,1,1,44.09708,-82.51766,9.2366647978,29.8979547195,35,44,0,1,1
10/06/20,15559,0,0,0,-154.62071,-11.23375,9.6815570777,30.2559184172,26,37,1,1,1
11/30/19,15558,1,1,1,21.68508,10.32071,10.8835157748,28.9678945634,37,10,0,0,0
05/10/19,15559,1,0,1,76.11871,-58.46103,10.148968682,30.6567994478,27,36,1,1,0
11/28/20,15560,0,1,1,73.88686,-3.44075,9.7094867448,29.035000085,27,37,0,0,1
07/21/19,15560,0,0,1,-140.02619,-87.12429,10.1551845019,28.586596151,4,1,1,0,1
02/19/20,15556,1,0,1,-170.98984,-48.10831,9.447604668,31.5980345499,17,11,1,1,0
06/12/20,15560,0,1,0,-159.99653,-50.02173,10.242842487,32.3277888518,14,29,1,0,1
09/19/20,15559,1,0,1,-131.87101,88.44485,9.9374328592,28.6982014021,32,28,1,0,0
08/21/19,15555,0,0,1,-84.34884,69.83992,9.5520977455,28.3510151046,32,17,1,1,0
10/01/20,15559,1,1,0,-159.69368,-83.67567,9.6459286997,28.8183397919,25,11,1,0,0
12/27/20,15559,1,1,1,-161.77565,-11.27428,10.0481018497,32.2115615028,36,28,1,1,1
09/27/19,15555,0,0,1,5.06117,53.31302,10.2063080737,32.9083070016,31,25,1,0,0
02/14/20,15556,0,1,0,-145.81042,-16.16522,10.1661692518,27.2918451082,31,50,0,0,1
08/28/20,15560,1,0,0,-46.31953,-85.58543,9.6709333149,30.3032402823,20,6,0,0,1
10/17/20,15556,0,1,1,63.93547,-51.63538,10.0367916806,30.904842883,12,47,1,1,1
07/28/20,15559,1,0,1,128.90235,-59.84327,9.6470918699,28.3942799278,16,7,0,1,0
06/16/20,15555,0,1,1,-0.84089,-83.79148,9.9303837506,31.6345349974,31,34,1,0,1
11/07/20,15555,1,1,0,-59.0785,38.68184,9.3524534704,28.9782142617,40,44,0,0,1
11/26/20,15556,0,1,1,-4.93014,63.94725,10.2654052735,32.106276281,7,1,0,1,1
02/24/21,15555,0,0,1,115.54018,-4.56965,9.7854561443,30.488687174,39,41,0,0,1
12/14/20,15559,1,0,0,117.47143,55.99782,9.890916094,28.9358502629,8,23,1,1,1
06/03/19,15557,1,1,1,-77.86333,79.70663,9.5029428664,30.1218748963,33,15,0,0,1
04/24/20,15560,0,0,0,-135.80501,-15.03303,9.9264690161,29.4198369999,23,4,1,1,0
09/04/20,15556,0,1,0,172.82392,71.96285,9.3234640085,30.0939951644,34,6,0,0,1
04/29/20,15556,1,1,1,-78.12675,-53.68472,9.9218122807,30.1674359375,37,40,0,1,0
01/13/21,15560,1,0,0,-107.42112,-86.33319,9.825642997,31.1400330458,14,47,0,1,0
11/01/20,15557,0,1,0,-49.96266,-29.13349,10.3261292373,28.4254424136,20,14,0,0,0
12/19/19,15558,0,1,0,-62.909,-8.15976,10.9265534644,28.3002593227,17,35,1,0,1
11/15/19,15558,1,1,0,-119.72594,-57.95047,9.8593527661,27.8622375961,9,26,1,0,0
02/21/20,15557,0,1,1,158.43887,-42.17598,10.4538269184,31.372113662,11,48,1,0,1
03/10/21,15556,0,1,1,134.65502,16.24473,9.8224584655,27.4560716561,12,23,1,0,0
03/04/20,15555,0,1,0,-79.34275,-57.13071,10.5287843946,29.2537812302,12,6,0,1,0
03/21/21,15555,0,1,1,-31.4511,51.75725,10.0961841604,31.402307863,6,43,1,1,0
02/21/21,15560,0,1,1,-70.816,-60.77674,9.878219096,30.1362153612,17,9,1,1,0
08/23/19,15559,1,0,1,136.0439,54.25812,9.5550422593,29.593014694,40,40,0,0,1
04/22/19,15560,0,0,1,64.94358,43.21536,9.3914489446,30.9796564476,2,29,0,1,0
05/10/20,15555,1,1,1,41.54859,85.47588,9.4182699249,29.6691214908,34,36,0,0,1
12/29/20,15560,0,1,0,11.31286,1.17346,10.1450996695,29.4459496275,39,49,1,1,0
04/28/20,15560,1,1,0,-152.15876,52.22073,10.0387855149,29.6675846449,1,12,1,1,0
05/16/19,15557,0,0,1,67.48396,-3.64111,10.1942502343,32.0751526914,3,19,1,0,0
08/12/20,15559,1,0,1,-123.62005,-27.10216,10.5309585889,29.4928001255,34,33,0,0,0
04/25/19,15556,1,0,1,141.13218,-73.73763,9.4874160506,31.6862281618,37,50,0,1,0
01/28/21,15557,1,1,1,-137.19274,15.35958,10.0570779544,33.3503505716,4,16,1,1,1
06/25/19,15555,0,0,1,-16.82188,-50.4042,10.0194347993,32.0745455802,1,48,1,1,1
09/30/20,15559,1,1,0,-161.93548,-69.97456,9.6209322089,28.6078479727,12,5,1,1,0
02/09/20,15557,1,0,1,-162.36934,88.6816,9.9658691039,29.5555793602,38,32,0,1,1
01/12/21,15557,0,0,1,46.53286,-80.12559,9.7611178023,29.8991999192,17,35,1,1,0
09/03/20,15556,0,1,0,101.09707,-42.70595,9.7514401953,30.2573265409,8,30,1,0,1
05/20/19,15556,0,0,0,-60.42267,26.49422,9.8485544228,29.0074043347,40,16,0,0,1
10/24/20,15557,0,0,1,4.1633,48.2735,9.7512208356,30.0956918824,20,50,1,1,1
08/07/20,15560,1,1,0,-166.79724,-4.08701,8.9116075383,28.7420943456,15,25,0,0,0
06/10/20,15556,1,1,1,30.54363,-28.03498,10.4476989065,28.9739839929,23,14,0,0,0
01/07/20,15556,0,0,1,-83.84526,-3.59779,9.9432204987,29.4413967617,30,14,1,1,0
08/02/19,15556,0,0,0,124.28817,29.86081,11.1725744211,29.9637089506,23,43,1,1,0
07/24/19,15558,0,0,1,24.82427,8.75438,9.8873357087,29.0659986318,18,29,1,1,0
08/21/19,15557,0,1,1,94.96706,28.87874,10.0915007424,29.1295768031,36,4,1,0,0
10/06/20,15558,1,0,1,-135.39993,3.90459,9.9196596655,30.0033269307,7,40,0,0,1
10/26/19,15558,1,1,1,-111.0609,4.75528,9.6191106116,29.9142337128,28,18,0,1,0
06/12/19,15558,1,0,1,-73.60744,74.09961,10.4142060791,29.2295503713,10,24,0,0,0
08/23/20,15560,0,1,1,-24.98809,84.06562,9.9752955424,29.3053953396,38,35,0,0,0
03/27/20,15560,0,1,0,-103.90504,-75.23988,10.5943587129,27.4797343344,8,34,1,0,1
02/10/20,15560,1,1,1,10.73657,25.58708,10.6890182174,28.6983374057,16,45,0,1,0
12/03/20,15558,0,0,1,159.87932,56.28731,9.2495319706,29.7545914173,40,26,1,1,0
02/23/21,15560,0,0,0,78.32468,-45.3241,10.3746122291,29.6529963626,5,10,1,1,0
03/30/19,15559,0,0,1,58.00694,-18.87892,9.6914488157,30.3583078369,11,18,1,0,1
11/10/20,15556,0,1,1,-17.20346,-50.49062,10.3621090403,29.9352887063,38,24,0,1,0
12/17/19,15555,1,1,1,-70.51525,21.48948,9.2154076848,28.8218668102,30,12,1,1,0
11/08/20,15557,0,1,0,148.99331,-41.80489,9.9778608235,29.6159475515,29,15,0,0,1
07/01/19,15557,1,0,1,164.11411,-33.24337,10.3296109023,29.3670147745,27,31,1,1,1
08/12/19,15556,1,0,1,18.98708,-45.66875,11.0100770533,30.0838038449,4,46,0,1,0
05/30/20,15557,0,1,1,7.99755,81.85015,10.0302636408,30.8401807889,16,46,1,0,0
05/16/19,15557,1,1,0,41.64225,9.59849,9.9021201658,32.0944115152,19,7,0,0,0
06/06/20,15559,0,1,0,91.6133,-72.07235,9.8283653305,31.182025543,28,22,1,0,0
03/31/20,15555,0,1,1,149.26181,-74.4177,9.9487656902,29.170120974,9,41,1,0,0
02/25/20,15559,1,0,0,-106.19347,-3.1882,9.462960552,27.4860506212,4,37,1,0,0
12/12/19,15555,0,0,1,-91.49157,-60.26939,9.8296952684,30.4383251645,25,14,0,1,1
06/08/20,15558,0,1,0,-6.71782,-61.3156,10.8733949397,30.5891258931,7,50,1,0,1
10/13/19,15557,1,0,0,114.69981,-45.26222,9.999006531,29.8033068069,5,1,1,0,0
06/08/19,15557,0,0,0,-70.39289,36.39564,9.2567845466,28.9374127927,31,16,0,0,1
12/15/19,15556,1,1,0,-100.07232,50.00611,9.8564622436,31.7023805219,36,3,0,1,0
02/21/20,15556,1,0,1,9.62633,0.93856,9.9758141431,30.4855614691,36,20,1,1,1
09/19/20,15556,1,1,0,146.51171,-32.8867,9.5504287483,28.7991333629,13,34,1,1,0
11/14/20,15556,1,1,1,-77.35838,-42.32106,10.0917158085,31.2178817649,10,8,1,1,0
02/16/20,15555,1,0,0,34.80059,-75.40816,9.8693670165,30.5159447621,12,36,0,0,1
02/04/21,15557,0,0,1,-36.91064,48.47385,10.5911299502,29.466563845,16,38,0,0,0
02/01/21,15556,0,0,1,14.79838,28.42523,9.7672010538,29.7703262768,9,21,1,0,0
05/31/19,15557,1,1,1,140.42978,78.46847,10.2770275242,32.5344406711,9,1,0,1,0
08/18/19,15556,0,0,1,40.05916,-83.60202,10.1195720624,30.1504939966,34,38,0,0,1
04/27/19,15555,1,1,0,-166.96858,-15.2815,10.31257985,30.9074062202,20,49,1,0,0
12/17/19,15560,1,1,1,79.84207,5.92326,9.4235623089,29.8379338678,35,27,0,0,0
05/30/19,15557,1,0,0,57.42377,76.1734,9.3479704225,30.1688935949,19,30,1,0,1
02/25/21,15556,0,0,1,-107.54433,-22.23195,10.7230667976,30.0533143643,28,11,0,0,1
10/07/19,15559,0,1,0,-9.3382,5.39729,10.3690843506,30.2778668533,22,31,0,0,0
08/03/19,15560,1,1,1,107.81433,-84.0722,9.781971034,30.871478768,2,14,1,0,1
07/05/20,15557,1,1,1,92.97984,48.30869,10.1524070874,28.3891344269,23,38,1,0,1
11/10/20,15557,1,1,0,91.80139,-86.31958,10.0075096062,29.8037947804,3,43,0,1,0
06/03/19,15555,0,0,1,-104.99494,-60.38115,10.2384828778,30.0908269729,35,47,0,0,1
03/08/21,15557,0,0,0,164.67844,-58.27679,9.5977282391,27.7871883928,6,29,0,0,1
01/10/20,15557,0,1,0,-161.31521,-86.24024,9.877319801,29.7280443055,5,46,1,0,1
02/10/20,15556,1,1,1,-117.04638,-46.05259,10.3585589082,31.3145557126,32,31,1,0,1
02/18/21,15558,0,1,0,-65.1232,14.30903,9.9312486611,27.9985785801,3,11,1,0,0
04/16/20,15559,0,0,1,37.77652,-50.56256,9.6345246479,30.1153541281,32,26,1,1,1
01/03/20,15556,0,0,1,-15.53773,29.61681,8.944540061,29.0861875915,34,50,1,0,0
10/15/20,15558,1,1,0,-3.85646,45.44389,9.7081594899,28.2388976077,1,49,0,0,0
06/18/20,15559,0,1,1,-127.2429,-6.36597,9.2878197606,29.3396243778,25,13,0,0,1
10/24/20,15556,0,1,1,26.35837,74.27549,9.4323442989,28.8389671208,7,11,0,1,0
12/19/20,15560,0,0,0,122.60922,-26.79997,10.2937252514,31.9482319785,4,10,1,1,1
12/30/19,15558,1,0,0,12.63831,26.38169,10.0327665729,30.8235882157,20,21,0,0,0
04/17/20,15559,0,0,0,173.2874,-51.95029,10.0179845411,29.8864261059,27,41,0,0,0
12/17/19,15558,0,0,0,-32.69068,-45.27392,10.6022048696,30.7662538505,15,22,0,1,1
10/06/19,15557,0,0,1,-165.37614,-81.14504,10.0538380804,31.0395639449,5,17,0,0,0
10/26/19,15559,0,1,1,6.45367,-39.38617,9.7770645011,32.4107044023,16,22,0,1,1
09/20/19,15555,0,0,1,-42.78394,9.85766,9.9863313363,31.2390025427,39,13,1,1,0
10/31/19,15558,0,0,1,51.52403,-22.86642,9.8740329441,30.7968365775,25,5,1,0,1
03/25/21,15559,1,0,0,71.88596,21.38582,9.8210266371,29.1335158463,33,42,1,0,1
04/18/20,15560,0,1,1,3.97773,21.88899,9.3036562205,28.8800399099,29,15,0,0,0
10/28/20,15559,1,0,1,147.41351,-48.26685,9.6341984578,30.8688158574,7,25,1,1,0
02/23/20,15558,1,0,1,48.14484,-78.65446,10.56047333,31.757195301,5,1,1,1,1
11/11/20,15558,0,0,1,116.4113,-68.81935,10.7853219253,27.740500254,13,43,1,1,1
05/29/20,15556,1,0,1,-149.70726,-16.03084,9.5945975864,31.3353209714,35,38,0,0,1
12/10/19,15560,0,1,0,-96.89294,18.77944,10.8775997742,29.502114304,9,10,0,1,0
11/26/20,15556,1,1,0,-16.86063,25.32055,9.9621195176,29.9391540774,39,38,0,1,1
09/15/20,15558,1,1,0,61.81186,47.67956,9.3801242466,28.5590888515,31,27,0,1,0
09/23/20,15556,0,0,0,69.58059,69.53501,10.4936364085,30.3879115933,34,46,1,1,0
03/04/21,15560,0,1,0,-113.8435,-59.49258,10.476526892,30.0253397191,26,39,1,0,0
04/19/20,15556,1,1,1,114.13865,14.38981,10.1676792388,29.9215468892,8,10,0,0,1
01/22/20,15555,0,1,1,-135.13687,71.29407,10.1903635921,29.0325472991,26,45,1,1,1
01/18/20,15556,1,1,0,112.17571,-1.70386,9.3043208734,28.4940894986,7,47,1,0,0
06/18/19,15556,0,1,0,-21.04287,40.2072,10.7803203442,29.6520349345,17,38,1,1,0
04/12/19,15557,0,1,1,-33.89923,0.53166,9.3901079363,29.3209405119,8,27,0,0,1
02/15/21,15558,0,0,0,97.2234,57.28038,10.5553204455,32.1488131606,9,37,1,0,0
05/10/20,15557,1,0,1,-129.00606,48.91229,9.6650655169,31.5258970061,39,38,0,1,0
12/06/20,15555,1,1,0,162.28449,21.86013,9.1261863232,29.0071598015,25,4,1,0,0
02/15/20,15560,0,1,1,-23.601,-82.76616,9.1678319538,28.3916686471,28,46,1,1,0
04/03/19,15557,0,0,1,-119.26789,-43.69945,9.7526674053,31.6006192815,3,8,0,1,0
10/12/19,15557,0,1,0,-179.82294,49.47777,9.0482214782,30.8172049527,2,23,0,0,0
10/01/19,15559,0,0,1,25.41222,-77.06353,10.0432928657,26.6109236095,36,31,1,0,1
10/29/20,15558,0,1,1,-179.61891,45.09572,10.991164045,31.8912240289,40,17,0,1,0
11/16/20,15559,0,0,0,-120.00977,63.40407,10.1993001298,31.9655428396,4,35,0,1,0
03/15/20,15558,0,1,1,-175.26577,53.65555,10.2641918759,28.3029302348,35,50,0,1,0
05/20/20,15560,1,0,1,-42.94611,2.70771,9.8680356765,30.8475193936,8,3,1,1,0
04/23/19,15560,0,1,0,99.46827,-2.78569,9.8001094852,29.2303609817,12,19,0,1,0
12/21/19,15555,0,0,1,63.92357,-69.8838,10.1201306963,31.2549081997,32,26,0,1,0
04/14/19,15557,0,0,1,-68.54081,-6.7242,10.2730753377,31.9854773649,16,31,1,1,0
11/11/19,15559,1,0,1,54.85417,45.73642,9.5318691492,31.4345850303,33,38,1,0,0
07/17/19,15558,1,1,1,30.74661,61.1407,9.4186872555,30.5720009995,11,48,1,0,1
12/10/19,15559,1,0,0,35.68381,81.74955,10.7360591588,29.7053369354,27,27,0,1,0
10/22/20,15559,0,0,1,15.40658,84.59205,9.9111780454,31.2274153895,16,20,1,0,1
08/08/19,15555,1,0,0,148.61081,-68.3829,9.4595109931,30.3372471971,16,2,1,1,1
10/13/19,15558,0,1,1,163.35329,78.24903,10.7119095003,30.1901511617,35,48,1,1,1
01/26/20,15560,0,0,0,25.82751,-78.06959,10.7548012646,29.9417239902,25,13,0,0,1
04/20/20,15559,1,0,1,2.56673,56.7885,9.8643796833,30.9286449361,11,1,1,0,1
08/01/20,15560,0,0,1,-13.41556,20.31571,10.0935684044,27.3370594707,27,22,0,0,0
09/01/20,15560,0,0,0,101.99355,39.7122,10.7220066081,31.1008369865,28,17,1,0,0
05/22/19,15555,0,0,1,-5.92535,70.14558,9.6106660051,29.9434792228,16,16,1,1,0
02/11/20,15557,0,0,1,128.33808,6.45763,10.212761774,30.7745021511,1,23,0,0,1
09/27/19,15555,0,0,0,54.72657,-53.65096,9.7336181935,29.5611378099,20,48,0,1,1
04/18/20,15556,0,1,1,-87.90409,-0.27936,10.0728972759,31.3003483992,24,27,1,0,0
02/16/20,15555,0,0,1,-169.76869,-55.69433,10.1118309871,30.5094608756,38,49,1,1,1
06/11/19,15559,0,0,1,-77.22912,27.59286,9.9450437978,29.5637369823,9,10,0,1,0
04/30/20,15556,1,1,0,120.53035,87.95281,9.727088308,31.1920862681,20,43,1,1,0
08/14/19,15556,0,0,0,78.86916,-41.32409,10.3529389619,31.1409106669,18,25,1,0,0
06/19/20,15557,1,1,1,111.0588,34.81826,10.5543339346,28.8920712972,2,7,1,1,1
07/12/19,15560,1,0,0,175.34297,-46.31627,10.2080775658,30.717123676,5,31,0,1,0
03/02/21,15556,1,1,1,-137.19127,0.5064,9.2319997808,29.8203552325,21,31,0,0,1
04/09/19,15556,1,0,0,66.25732,-71.58329,10.20380856,29.8589737951,23,14,0,0,0
09/07/20,15560,1,1,1,-31.27249,-13.63123,9.7241644743,28.7741000505,40,11,0,1,0
08/26/19,15560,1,1,1,-91.54118,-1.1892,9.9413358987,31.1136123097,31,40,1,1,0
12/06/20,15559,1,0,0,-140.09671,-82.07938,9.9014868923,29.1496511465,2,44,0,1,0
09/03/19,15558,0,1,1,-157.48643,59.01255,10.5490927119,29.0145182787,36,19,1,1,0
09/07/19,15560,0,1,1,-120.34966,-52.59246,9.8537242605,29.9280754109,26,5,0,0,1
05/11/19,15558,0,0,1,45.92277,-43.28025,10.0002683552,28.6210973649,30,21,1,1,1
06/07/20,15560,0,0,0,-172.65769,84.9971,9.8125960605,31.459945691,26,33,1,0,0
03/27/20,15555,0,1,1,100.43457,40.02834,9.8153599575,29.298199105,1,33,1,1,0
06/21/20,15560,1,0,1,-21.42632,-15.09565,10.4944859615,31.0046011524,28,33,1,1,0
08/18/19,15558,1,0,1,54.32477,73.33439,10.2701187819,28.283055031,33,11,1,1,0
04/28/19,15556,1,0,0,-76.89275,-63.40045,10.1545162206,31.8940395349,32,21,1,1,1
01/20/21,15557,1,1,0,-154.57639,47.94747,10.4462958074,29.096241034,29,5,0,1,0
02/18/21,15556,0,0,1,-81.85577,26.1263,10.2456234731,30.1012385915,11,9,1,1,0
05/29/19,15560,1,1,1,-167.37923,11.19838,9.5454480401,29.6390531892,7,9,1,0,0
03/29/19,15557,1,0,1,149.87323,-26.61396,9.9976865131,29.1005365687,12,47,0,0,1
01/16/20,15556,0,1,1,-178.13584,-3.47507,9.8732101059,31.5034892328,39,30,1,0,1
01/30/20,15557,0,1,1,-140.39009,-8.60694,10.2449211753,30.1208865051,32,26,1,0,1
11/07/19,15559,0,0,0,-148.93389,-19.79004,10.6716265211,30.3582521362,13,48,1,1,0
12/16/19,15555,1,1,1,-4.36469,35.43254,9.7757245926,31.1401723321,34,35,1,1,0
12/30/20,15557,1,0,1,100.81258,73.72029,10.1786288915,30.3703821804,24,22,1,0,0
10/31/20,15558,1,0,0,28.9151,-40.39438,10.2625488519,28.9613197632,11,41,1,1,1
02/10/20,15559,0,0,0,156.08358,23.24768,9.3865840721,30.8835855625,20,46,0,0,1
02/10/21,15558,1,1,1,51.19379,51.13357,9.9289261349,31.8288909839,30,49,1,0,1
01/06/20,15557,1,1,0,74.60028,58.54878,9.7529897746,29.47929202,12,21,1,0,0
03/25/20,15557,1,0,1,121.35187,-62.81221,9.0915326556,29.7765097569,13,33,1,1,1
02/26/21,15556,1,0,1,-5.71289,-3.16755,10.2759226263,29.0488176828,27,49,0,1,1
08/02/19,15558,1,1,0,-75.75588,72.26208,9.8792808562,27.268815573,40,48,1,0,1
02/21/21,15557,1,1,1,-119.07578,33.59674,10.4369900672,29.8829330978,9,12,1,0,1
03/03/21,15560,1,1,1,-27.49974,-64.24258,10.8550579588,31.1148420678,11,24,0,1,1
02/15/21,15557,0,0,1,26.76051,18.13736,9.9370820364,29.847989709,12,9,0,1,0
07/06/20,15556,0,1,1,-18.79189,47.12592,9.9038709702,31.1753464503,7,1,1,0,1
08/03/20,15558,0,0,1,-16.88932,17.14291,9.5039745952,28.8564129489,18,27,1,1,0
12/26/20,15560,1,1,1,-1.9422,-37.1905,11.6898926388,30.2080452108,36,38,0,1,1
04/17/19,15559,0,0,0,-169.3852,-29.57678,9.5498404695,29.8982255881,36,39,1,0,0
07/18/20,15558,0,0,0,-174.29005,15.68785,9.6506381403,29.4590877701,28,19,1,0,0
02/18/20,15555,1,0,0,-81.64425,-33.20787,9.3902139226,29.2668550585,21,40,1,0,0
11/02/20,15559,1,1,0,30.17395,-69.92851,9.4633177396,28.7671362357,25,30,1,0,0
04/07/20,15559,1,1,0,71.60598,48.47202,10.0941667889,31.1723312265,4,15,1,0,0
07/01/19,15555,0,0,1,125.97099,66.57577,9.7404717823,30.0173863789,5,18,1,1,1
01/27/21,15560,0,1,1,-176.62535,-52.71395,8.9234419313,29.2737464939,17,35,1,0,0
03/23/21,15559,1,0,1,11.32459,-40.32024,9.103778874,28.9386609591,15,44,0,1,1
09/18/19,15558,0,1,0,-104.57866,67.91697,9.2299791428,28.4012931608,3,33,0,0,0
06/29/19,15555,0,1,1,101.36195,56.06296,10.0761700829,30.6376989996,36,8,1,1,1
03/11/20,15556,1,1,1,-78.23448,-78.43128,9.9756195317,30.3337485853,7,22,1,0,1
02/23/20,15559,0,0,1,-177.52686,18.18242,9.9013302568,31.6601234814,5,42,0,0,1
10/16/19,15559,1,0,1,179.54599,52.70526,10.039739966,30.971929591,23,16,1,0,0
04/02/20,15556,1,1,1,-9.49359,3.08784,10.041818664,28.9667140876,36,11,1,0,1
03/22/20,15560,1,1,0,-59.91551,-23.2587,9.1365352512,29.7420037142,40,21,0,0,1
07/16/19,15557,0,0,0,-65.84175,-63.82432,9.5569719514,30.9090712528,10,31,1,0,0
07/11/20,15556,1,1,1,-76.28591,42.3452,9.6190049157,32.2763590458,25,27,0,1,0
07/26/20,15558,0,1,0,124.58272,-85.19047,10.3702192478,30.0123255243,30,35,1,0,1
10/13/20,15559,0,0,1,68.30077,44.74655,9.3584985585,30.3380978467,6,18,0,0,1
06/21/19,15560,1,1,1,-114.06842,29.90548,10.0041028097,29.3810941113,2,25,1,1,1
05/03/20,15557,0,0,0,110.72102,-29.21703,10.0718830428,29.3170492845,18,18,1,0,1
09/15/19,15557,0,0,1,71.29164,-4.0069,10.2541874702,28.7700349289,26,12,1,1,1
05/20/19,15560,0,0,1,109.13047,65.49979,9.5510982529,29.0180882198,19,44,0,0,1
01/24/20,15556,1,0,0,-64.54809,-72.18679,9.4588439087,29.4583678583,37,34,0,0,1
05/02/20,15555,0,0,1,101.35822,-11.57029,10.6948415504,30.9649470163,15,28,1,1,1
02/12/21,15559,0,0,0,159.55388,42.38177,9.516989532,30.3845106494,29,34,0,0,1
12/08/20,15557,0,0,0,-104.12011,20.35733,10.0854543813,28.738936231,40,20,1,0,1
08/27/20,15556,1,1,0,125.13907,41.41316,10.3374296724,31.2272942026,4,3,0,1,1
03/05/20,15559,1,0,1,-108.94137,87.34288,10.4553928242,28.4686216363,3,46,1,1,1
06/03/19,15559,1,1,1,94.99304,-13.35125,9.95215444,29.5283577737,39,36,0,0,0
02/18/20,15558,0,0,0,77.0442,-15.02928,10.986636862,29.7531831923,23,3,1,0,1
02/17/20,15556,0,0,1,-138.16487,-52.44021,9.8549176368,29.4846014588,17,29,0,0,0
03/13/21,15560,0,1,1,-166.6858,-3.39011,10.3059059959,29.5865467201,31,29,0,0,0
07/13/19,15557,1,0,0,1.6069,-20.24416,10.5040211273,27.6276325359,37,24,0,0,0
07/20/20,15556,0,1,1,-105.42715,-88.67949,10.388240065,29.974312973,12,49,1,1,1
07/14/20,15560,0,0,0,-59.46289,12.38507,10.1102409507,29.9166997798,31,34,1,0,0
05/20/20,15559,1,0,0,-42.12105,27.56006,10.1847136459,27.7195150047,32,12,0,1,1
01/30/20,15557,0,0,1,-31.18221,-1.65302,9.7861827697,27.7965336377,28,13,0,1,1
02/26/21,15560,1,1,1,71.98667,-86.58963,10.2349863882,33.3624213845,39,23,0,0,0
12/13/20,15556,1,0,0,-104.47116,0.50487,9.6947384199,29.5174058465,31,20,0,1,1
02/12/21,15557,0,0,1,-106.90851,-5.6519,10.3757392756,33.508258371,12,20,1,0,0
06/14/19,15555,0,1,0,94.0052,-37.98819,10.3279761594,31.3730749642,2,31,1,1,1
07/24/20,15556,1,1,0,-70.03567,29.10505,8.7381611723,28.5007256837,3,34,0,0,1
03/07/21,15560,0,0,1,114.16311,-69.45489,9.8837146052,32.1528648853,33,15,0,0,0
05/26/20,15558,1,0,1,145.98052,7.49477,9.3179466317,29.6577839109,5,9,1,1,0
01/07/21,15555,0,1,1,-52.84788,-7.57822,10.0899659053,31.9891299069,4,25,0,0,0
01/06/21,15557,0,1,0,124.63412,8.50028,10.2974446543,30.4288811254,32,13,1,1,0
04/16/20,15560,0,0,1,80.98417,61.36434,10.2447897894,29.6883110996,1,30,1,1,1
06/22/20,15557,0,0,1,19.87229,3.42905,10.1496552651,31.4084649249,4,15,0,0,1
02/19/21,15560,1,0,0,-123.28945,72.37756,9.556726648,29.1816830382,17,38,1,0,1
04/15/19,15556,1,0,0,-33.53135,-88.05714,10.0626773024,28.7190452382,34,24,1,1,0
09/09/19,15555,1,1,0,172.94024,34.28178,10.6090853085,30.8879621308,35,7,1,0,1
02/21/20,15556,1,1,1,-51.74241,-16.2795,9.0479131519,29.422849554,4,10,1,1,0
02/21/21,15555,0,1,0,-81.68952,-26.85805,10.7175013582,29.6343252333,36,4,0,1,1
10/30/20,15555,0,0,1,-46.95074,-63.15487,10.4697600595,28.4273338747,21,42,0,0,0
01/23/21,15560,0,0,1,-161.07328,56.89765,9.7630602137,28.8798147551,38,25,1,0,0
07/14/20,15558,0,1,0,-169.07942,59.99405,10.301140167,31.2036859728,21,44,1,0,1
05/27/19,15557,0,1,1,-17.64035,79.14683,9.8264171382,30.7557466998,27,2,1,0,1
12/06/20,15557,0,1,0,141.2399,-31.68599,10.7320969403,32.5144942722,18,32,0,1,1
07/03/19,15555,1,1,1,-10.56208,-89.31046,10.1695807485,31.4385942349,34,30,0,1,1
05/18/19,15556,0,0,0,153.52121,28.99063,11.0742031668,32.108975101,21,46,1,1,0
01/25/21,15557,0,0,0,-68.86576,-32.88271,10.5762992839,31.4128939128,16,16,1,0,1
08/14/19,15558,1,0,1,-144.58876,-85.79705,10.0990842073,30.7807965149,2,31,1,1,1
06/10/20,15557,0,0,0,-85.40114,40.90619,9.7917939434,29.1630382463,31,26,0,0,0
06/22/20,15556,0,1,1,128.6901,28.65061,9.953649507,31.2456447022,7,7,0,0,1
01/26/21,15559,0,0,0,-179.02738,-71.94655,10.0755111301,28.6459349862,20,2,0,1,1
03/17/20,15557,1,1,0,-110.32293,59.06997,9.2632448303,28.5371000167,29,8,0,1,1
08/24/20,15556,0,0,0,149.62173,11.26946,9.3876931152,29.3686685393,23,36,0,0,0
03/30/19,15558,1,0,0,101.52386,-14.77689,10.2514414437,29.6541173509,17,12,0,1,0
10/28/20,15560,0,1,1,23.35868,17.37216,9.8758620778,30.3908411962,38,28,1,0,1
02/13/20,15558,0,0,1,132.05392,13.52542,9.5986978408,27.8163416509,32,32,1,0,0
10/15/19,15558,1,1,1,-44.13546,11.77666,10.6395989922,29.103068339,14,46,1,1,0
12/10/20,15555,0,1,1,-0.89837,-49.43545,10.8251902919,27.1191718549,12,32,1,1,1
08/24/20,15558,1,0,0,9.15728,88.12344,9.5910441464,31.3796522251,19,44,1,1,1
12/29/20,15560,0,1,1,29.298,66.57698,10.6620349853,27.7789536839,11,36,0,0,0
04/01/20,15555,1,0,0,-73.95662,-8.77028,10.3225372598,29.3191678022,36,24,1,0,0
12/16/19,15555,1,0,1,-63.11307,-37.36349,10.0230643164,30.8083299371,16,15,1,1,1
05/12/20,15559,0,1,0,46.27931,77.92729,11.4188985629,30.9327780963,16,30,1,1,0
07/25/20,15556,1,0,0,-22.73343,-68.06888,9.1453244578,29.8765025559,29,24,0,1,1
01/02/21,15560,1,0,0,172.77693,-76.37259,10.213440344,32.2805524521,20,50,1,0,0
08/26/20,15557,1,1,0,-112.51246,1.9712,9.0140627765,31.3707895868,29,41,0,1,1
01/10/21,15555,1,1,1,130.2137,-14.21912,9.9295229962,28.5692820384,22,45,1,1,1
07/23/20,15560,0,1,0,-34.67644,29.07853,9.9836393394,31.6488680344,29,2,1,0,1
06/30/20,15556,0,1,1,157.49562,-88.64435,9.8571404531,28.2884912414,15,27,1,1,0
10/26/20,15558,0,1,0,2.21079,12.94143,10.4140077406,32.9913986955,30,23,1,0,1
08/08/19,15558,1,0,0,-140.64192,-72.97315,10.1263647137,31.4310109735,11,33,1,0,1
09/05/20,15559,0,1,1,-75.43781,-4.28165,9.6531645831,28.1921616075,30,43,1,1,1
07/07/20,15559,1,1,1,106.60141,-27.32473,9.6952342271,31.1079384856,29,32,0,1,1
10/01/20,15557,0,1,0,94.85831,-20.27626,9.5851396566,31.052214383,39,23,1,1,0
05/11/19,15560,1,0,0,-7.79705,10.13336,9.0634067007,28.6865213119,20,28,0,1,0
09/14/20,15557,0,1,1,38.14267,46.41126,10.6933050864,29.8550976346,18,37,0,1,1
10/18/20,15557,1,1,0,45.30654,-28.08123,10.6388800394,30.5234596655,30,5,0,1,1
11/05/20,15556,0,0,0,130.72891,-80.27396,9.3622433054,28.3343075811,9,34,1,0,1
09/02/19,15555,0,0,1,-96.3937,-26.18193,10.1724948314,29.4084357609,6,43,0,0,0
11/01/20,15556,1,1,1,-1.01254,46.09825,9.7868536003,29.2574534283,21,32,1,0,0
06/18/19,15557,0,1,1,106.66819,-59.82121,10.5882920568,30.2272213276,15,12,1,1,1
11/01/20,15557,0,1,1,156.63087,47.62711,10.6460245268,32.0898245594,14,12,1,1,1
06/27/20,15559,1,0,0,-141.34262,43.55768,10.316057443,27.9565399603,17,49,0,0,0
01/09/20,15558,1,1,0,89.12396,36.73222,9.7009676358,31.9341520167,37,29,0,1,0
07/14/19,15555,0,0,0,96.38332,-18.16902,10.7070516084,29.7047342484,1,42,0,0,0
07/11/19,15560,0,1,0,-47.28415,-62.47126,9.7471055043,30.0328810781,23,26,1,0,1
02/13/21,15558,1,0,0,-62.82519,-54.07593,10.1822324791,30.1524048984,35,25,1,0,0
10/20/19,15556,1,0,0,1.57526,21.99502,10.9438065744,29.645403017,19,38,0,0,1
09/02/20,15556,0,0,0,-119.83102,-1.27244,10.1542991967,30.2834093121,28,17,0,1,0
03/07/20,15560,1,1,1,112.14665,58.27056,10.6620066657,29.5054452991,33,37,0,0,1
10/17/20,15556,0,1,0,96.87996,58.80721,9.7336029274,28.4501057487,29,37,1,0,0
05/13/20,15558,0,1,1,139.13524,18.21057,9.9342684152,30.6303065542,30,32,0,1,0
02/01/21,15555,1,0,1,-108.89074,-49.28007,10.4709849017,31.6677974792,17,33,1,1,0
12/01/20,15558,1,1,0,-144.81892,-0.48598,9.8562478015,30.4152670939,18,24,1,1,1
01/17/20,15559,0,1,0,-163.53793,-88.86398,9.9041471987,29.7193836218,20,35,1,1,1
12/20/19,15556,1,0,0,-55.47607,87.73899,9.2912649547,31.2424221613,25,31,1,0,1
10/31/19,15556,0,0,0,41.84309,-36.63217,9.125376948,32.1515287407,38,39,1,0,1
08/09/19,15559,1,0,0,-82.03421,59.74124,9.7321325409,30.6071774734,3,50,0,1,0
06/24/19,15555,1,0,0,169.55586,32.4739,10.0140496684,29.90890863,9,15,0,1,0
01/27/20,15556,0,0,1,-60.18829,7.7686,9.2730959132,30.1434600796,39,25,1,0,0
01/20/21,15560,0,0,0,75.88394,37.91302,10.3072555829,31.5586315826,26,17,0,0,0
10/24/19,15558,1,0,1,-80.66324,0.89431,9.5288810433,31.2087974188,35,50,0,0,0
08/25/19,15559,1,1,1,-142.47256,13.34971,10.4762101418,29.6386967251,26,34,0,1,1
03/05/20,15556,1,1,0,-109.95675,-43.62686,9.6819071348,30.626731437,40,49,0,0,1
10/24/19,15560,1,0,0,-45.34085,-79.8008,10.1590558711,31.1965243483,37,4,1,1,0
01/18/21,15558,0,1,0,-44.89652,28.44388,10.4613346954,29.9296172375,27,21,0,0,0
04/09/19,15559,0,0,0,119.43065,85.87211,9.4004103916,30.0704830164,23,3,1,1,0
06/21/19,15559,0,0,0,-178.06221,15.63084,10.2405033692,29.0465202597,13,24,1,1,0
07/13/19,15560,0,1,0,177.62443,51.51046,8.9385726823,28.1575113297,20,5,0,1,0
07/14/19,15555,1,0,1,48.54756,31.72595,10.0548013309,31.8151883802,19,46,0,0,1
05/26/19,15559,1,0,1,-179.98096,81.77292,10.3265635215,31.0777352454,6,5,1,1,1
06/01/19,15559,0,0,0,64.61347,-63.24847,10.1667965358,31.0586702524,30,33,1,0,1
09/13/19,15556,0,0,0,173.61716,7.64204,10.0338257283,28.8046991276,16,20,1,0,1
10/26/20,15558,0,1,0,94.49089,72.14493,9.6880403741,30.3972551913,13,43,0,0,0
12/20/20,15556,1,0,0,-113.35085,24.6406,9.5571387628,29.8511960406,17,38,0,0,0
03/24/21,15558,1,1,1,171.43622,-14.12554,11.1464992737,29.2166358222,27,14,1,1,1
08/14/19,15559,1,1,0,-36.07782,15.8307,10.2076078558,30.443896932,37,42,1,0,0
07/31/20,15555,1,0,1,179.22929,51.96098,9.7984111723,30.087367821,3,33,0,1,1
03/02/21,15555,1,1,0,96.56946,-33.49959,10.2351352276,30.2663777559,19,5,1,1,0
04/06/19,15555,1,1,1,133.08828,-60.62413,10.061001491,30.1449683306,20,24,0,1,0
08/26/19,15560,1,1,0,-9.74803,14.77159,9.340908045,29.2803992699,12,28,1,0,1
04/21/19,15559,0,0,0,-144.94518,-11.78701,10.5618578454,28.5486528461,10,7,1,0,0
09/25/20,15556,1,0,1,66.55301,-61.57707,10.1041274528,29.0440534125,27,49,1,0,0
06/12/20,15557,1,0,0,-173.92387,23.40937,10.3123465195,30.9845348755,14,25,1,0,1
09/26/19,15556,0,1,0,-172.43073,-5.21345,9.4888884605,29.7249376481,17,5,1,1,0
10/11/20,15558,0,1,0,138.59747,-70.41869,9.607794433,30.7702941846,13,22,0,1,1
12/28/19,15557,1,0,0,10.45086,-1.77874,9.9563499271,29.1525830517,15,34,1,1,0
10/29/20,15557,1,0,0,115.24223,72.86128,10.2278349946,28.8205855321,39,38,0,0,0
10/10/20,15558,0,0,1,72.94161,-6.37075,10.246074137,31.2761687759,13,18,0,0,1
09/18/20,15555,0,1,0,-134.48167,-59.67108,10.2204112941,30.3357198185,2,50,1,1,1
08/05/19,15557,0,0,0,62.0108,-47.79755,10.0957858586,31.385442771,28,44,0,1,1
07/02/20,15560,0,0,0,-96.75851,51.30843,10.4317856175,30.0741923711,16,17,1,0,0
02/28/20,15556,0,1,0,-19.29018,-24.20961,8.7121771072,29.8330971308,6,34,1,1,0
10/11/20,15555,0,0,0,28.92093,-79.3296,10.1466382494,30.4886684615,23,5,1,1,1
01/13/21,15557,1,1,0,103.80898,-69.12395,9.7603530995,31.043978991,29,23,0,1,1
11/21/19,15555,1,1,0,173.07057,19.37687,10.3676184493,29.094135794,38,31,1,1,1
06/05/20,15558,0,0,1,50.50572,-4.41525,10.6754016611,28.7186609396,30,20,0,1,1
05/10/19,15557,0,1,0,-42.92027,-56.79474,9.5081961562,29.7263912771,17,31,0,0,0
05/30/19,15556,1,0,0,-34.60314,27.17493,10.4811145004,28.8584723113,3,5,0,1,1
12/27/20,15559,0,1,0,-178.04426,25.68124,9.8162247511,30.2763502824,24,40,0,1,1
05/11/20,15560,0,0,1,59.47754,16.76348,10.2353117413,30.8084941615,25,13,1,1,0
10/02/20,15555,0,0,1,35.6052,-65.81558,9.991231094,30.9908732703,23,19,0,0,0
02/03/20,15559,0,1,0,85.19833,-12.12724,9.7419921685,32.588910534,30,28,0,0,0
12/29/20,15560,1,0,1,81.68013,79.64964,9.7756241835,29.7069097308,10,28,0,0,1
04/14/20,15557,0,0,0,0.34568,14.11046,10.1035612007,31.7271498818,12,47,0,1,1
07/19/19,15559,1,0,0,76.88545,9.7253,9.9965750199,30.4317950206,12,40,1,0,0
04/14/19,15557,0,0,1,102.48581,-31.87222,10.1724216025,31.7824970905,24,15,0,1,1
05/27/19,15555,0,1,0,75.04235,-22.27341,8.8531388502,30.0664184657,12,37,0,1,0
12/01/20,15558,1,1,1,33.05992,-82.30622,9.9819453067,29.8166852718,19,25,1,0,1
06/17/19,15557,0,1,0,2.26193,-49.5158,9.2229221213,29.8245344874,25,28,0,0,0
07/26/20,15560,0,0,1,90.4494,45.4756,10.4521482956,30.7181722426,14,19,0,1,1
05/23/19,15557,0,1,0,159.0012,-64.9396,10.4306851355,28.6701327666,27,30,1,0,1
07/08/19,15556,1,1,0,130.3553,-43.11799,9.5301536377,29.5082551692,29,25,1,0,0
10/02/20,15559,1,1,1,-98.65042,-21.07049,9.2517090943,29.8580735513,12,25,1,0,0
07/15/19,15556,1,0,0,75.64862,-7.48065,9.7651203802,29.4739985535,22,26,1,0,1
12/17/19,15560,1,1,0,-172.45561,33.91084,9.8495008526,30.4613613584,24,23,1,0,1
12/04/19,15560,0,1,0,-27.27344,-89.28633,9.9572468253,29.4716998325,15,2,1,0,0
06/11/20,15557,0,0,0,164.7684,-33.67836,10.0814188625,30.0776031256,31,40,0,1,1
10/02/19,15557,1,1,1,86.90781,-65.79175,9.7477482821,29.5944766027,25,41,0,1,1
11/04/19,15559,1,0,0,109.15147,-47.03547,9.5364865487,29.1081428318,27,35,1,0,1
07/11/20,15556,0,0,0,33.59788,-89.59375,10.1219509123,28.182171657,23,47,1,0,0
01/24/20,15555,0,0,0,-30.34944,-63.0905,10.2400361235,28.1727289835,35,44,0,1,1
11/20/19,15558,0,0,1,177.17887,19.89081,10.077193289,29.4203191275,5,39,0,0,0
01/17/21,15557,0,0,1,141.36208,87.24618,9.5198393143,29.9535425337,39,41,1,1,1
07/01/20,15558,0,0,0,-176.28484,-4.90089,10.2530657759,31.1130554902,14,18,0,0,1
08/04/19,15557,0,1,0,-11.54375,-69.76113,9.2967752961,28.0343796679,22,1,0,0,0
07/26/19,15555,1,0,0,75.97869,21.64857,9.5273765168,27.655567128,13,49,0,1,1
08/13/19,15559,1,1,0,104.25886,15.35789,9.8380834116,30.6203359797,20,32,0,1,0
12/17/19,15559,0,0,1,165.38443,36.80923,9.8469812186,28.6474750717,29,46,1,1,0
10/22/20,15556,0,1,0,54.33014,-44.98537,10.5936214884,28.8681739509,22,50,1,1,1
08/27/19,15560,1,0,1,-113.48549,-46.53699,9.6658642881,29.915643563,21,28,1,0,0
11/30/20,15556,1,0,1,176.76886,-38.55599,9.4872539208,30.8845621197,28,49,0,0,0
06/09/20,15555,1,1,1,129.27198,-86.69298,9.8446225386,27.5626724902,17,27,1,0,1
04/10/19,15560,0,0,0,-26.58343,0.67335,9.7234797352,29.6383611587,12,33,1,0,0
07/28/20,15557,0,0,0,53.64787,-18.44537,9.5076812112,30.081450103,30,23,0,1,0
07/22/20,15560,0,0,0,141.16423,53.78686,9.4296866316,29.667228702,17,48,0,0,0
04/11/20,15557,0,1,0,-41.79751,15.35166,9.8449500672,31.0770926208,12,32,1,0,0
07/17/20,15556,1,0,1,-174.27932,-3.35957,10.0479338056,30.7613770425,36,36,0,1,0
05/06/19,15555,0,1,0,-82.79412,18.17264,10.3952172271,31.5086499429,5,43,0,0,0
09/27/20,15555,1,0,0,133.74538,-75.98475,10.5053097493,29.8123458641,21,42,1,1,1
06/01/19,15558,0,1,1,66.7381,-11.82073,9.6936033813,29.2836122877,4,5,0,0,1
02/23/20,15557,1,0,1,-48.27809,-84.56962,10.4412978644,28.593134635,39,1,1,1,1
02/28/21,15556,1,1,0,-179.09723,-25.12112,9.5625092044,28.3221871447,25,18,0,0,0
02/26/20,15556,0,0,1,146.91397,83.86408,9.6780267318,29.185555832,29,8,0,1,1
09/23/20,15557,1,0,0,169.00255,-32.22848,9.817647874,30.3963593645,15,49,1,1,0
09/11/19,15559,0,1,0,89.09754,-78.78892,10.2137586553,29.0751590539,2,16,0,0,1
03/05/21,15559,1,1,0,31.29891,59.14328,9.6581408509,30.1896637935,16,12,1,1,0
09/15/20,15556,1,0,0,20.86919,24.21625,10.5686518799,29.2754520832,33,21,0,0,1
05/30/20,15559,0,0,0,168.32823,-26.59169,10.532679668,29.7330247183,40,1,0,0,1
07/25/19,15557,0,1,0,139.13483,52.37103,10.0745665114,30.4188319497,23,7,0,0,1
10/26/19,15555,0,0,1,65.25144,6.84875,10.0241728214,27.478036921,25,50,0,0,1
04/09/19,15557,1,0,1,118.53572,56.36964,10.6223643105,28.847353829,34,17,0,1,0
04/15/20,15555,1,1,1,41.76221,33.09241,10.2749851032,30.4226211981,20,16,1,0,1
08/17/19,15559,1,1,1,77.0771,-85.39034,9.4966391966,31.000106735,5,1,1,1,0
03/08/20,15559,0,0,1,73.20928,-85.93295,10.2703134816,29.1353341826,3,26,1,1,1
09/12/19,15555,0,1,0,176.32814,3.59679,10.0212897956,31.1677120667,21,47,1,0,0
02/17/21,15560,0,1,0,-57.94603,-4.84948,10.6254924824,31.1224009305,8,18,1,0,1
11/15/20,15555,1,0,1,-164.61778,76.33324,9.6987852568,30.0264012916,7,45,0,1,0
02/18/21,15559,0,0,1,62.44296,-84.18978,9.956290585,29.4460136977,21,21,0,1,1
03/23/21,15555,1,1,0,146.02727,36.99008,10.1349627855,30.3816683759,24,29,1,0,0
09/22/20,15555,1,1,1,8.63822,46.80539,9.6889423678,28.6334318761,13,44,1,1,0
08/20/19,15559,1,0,1,6.72591,37.448,11.2390684009,28.1655222425,30,23,1,1,0
08/24/19,15557,1,0,1,118.55354,-14.47346,9.2871614088,28.5643250416,36,23,0,1,0
12/25/19,15560,0,1,1,-172.33885,-86.73172,10.6588273891,28.1826460574,18,42,1,0,0
08/12/20,15559,1,0,0,-18.64916,-40.67543,9.8900114908,29.3188668317,19,19,1,1,0
03/26/20,15558,0,0,0,-149.57025,-32.01256,9.3724901664,29.9556519344,7,46,1,1,0
01/08/21,15557,0,0,0,-2.84794,19.17296,10.1290388543,30.1606247858,16,16,0,1,0
12/28/19,15559,1,1,1,137.26129,56.49475,10.4288670743,30.1474060836,9,47,1,0,1
09/17/20,15556,0,1,0,105.06543,47.6496,10.522502692,30.3495395358,22,42,0,0,0
08/28/19,15557,0,0,0,145.43658,11.98289,9.6444780417,27.8545476811,28,3,1,1,1
08/28/19,15560,1,1,0,-85.87189,27.2043,9.7418577535,30.9270235726,27,48,0,0,0
11/07/19,15560,0,0,0,45.36372,-34.09177,9.1007227292,31.0433120754,10,47,1,1,0
04/26/20,15560,1,1,0,-87.25296,74.78707,10.1928441108,29.4425689682,32,35,0,0,1
09/12/20,15560,0,1,0,-4.04739,4.00431,10.3602024709,30.863050141,2,12,1,0,0
07/05/19,15559,1,1,1,-157.72371,-63.98053,10.3802163021,28.7324709188,39,36,1,1,0
03/17/20,15556,0,1,1,167.39761,-54.01564,10.5836607873,28.502470276,19,29,0,1,0
02/25/20,15555,0,1,1,-117.95206,16.50028,10.6099451913,31.3056671592,36,21,1,1,0
07/12/19,15557,1,0,0,-129.29221,75.6578,10.3489912128,29.6347816741,2,50,0,1,0
11/13/19,15556,1,0,0,-12.9846,-89.9256,9.6436458807,32.3584080753,28,5,0,0,1
07/15/20,15558,1,0,1,-40.96239,15.86056,10.6260466179,29.6504246089,21,13,0,0,1
05/05/20,15557,0,0,0,-107.02199,-3.55089,10.7150377598,29.3705123433,19,3,1,1,1
05/29/20,15558,1,1,1,42.20669,-9.36896,9.7391570778,32.2495414687,33,33,1,0,1
09/22/19,15558,1,1,0,-148.24101,13.89234,10.1399174124,30.1862811795,34,25,0,0,0
08/07/20,15556,0,1,1,162.20717,-30.07197,10.1171888598,30.4643112614,28,37,0,0,1
07/28/20,15559,0,1,0,-138.74802,-65.22437,10.2504229458,29.5777459934,12,24,1,0,1
04/20/19,15558,0,1,0,150.18475,-16.13885,9.4502309428,28.5538029077,8,25,0,1,1
10/15/19,15555,0,0,0,-122.76139,75.66422,10.2914740761,30.0347570308,13,14,1,0,0
12/28/19,15559,0,1,1,25.00688,-32.59414,8.9060276203,30.9159079453,13,19,1,1,0
12/03/19,15558,0,1,0,-115.36926,88.24833,9.9781343588,30.5472025974,23,11,0,0,0
04/10/19,15557,0,1,1,-84.22166,-69.33897,10.4294208067,28.023359364,22,36,0,1,0
11/27/19,15556,0,0,0,-3.8072,71.83061,9.4024323172,32.3450535288,9,45,0,1,0
09/13/19,15556,1,1,1,-168.66708,-28.40119,10.1777030031,31.1980346467,17,7,1,1,0
03/14/21,15559,1,0,1,114.73227,-10.84577,10.4551264575,30.3990939598,4,42,1,0,0
10/14/19,15558,0,0,1,-133.18232,-40.19571,10.228045729,29.4602475276,3,46,1,1,0
09/22/19,15558,0,0,1,141.89993,45.61754,10.2542475973,30.1430207392,9,48,0,0,1
03/25/21,15559,0,1,0,149.63702,71.40101,9.7806656448,31.3241655512,11,32,0,0,1
02/02/21,15560,1,1,1,67.36551,5.51635,9.5552939598,27.2447106719,36,40,1,0,0
08/24/20,15555,0,0,1,-71.01071,12.23105,9.5204252344,29.3749412175,28,17,1,0,0
12/28/20,15556,0,1,1,37.09416,-37.87529,10.1650257804,29.3329752635,22,31,0,1,1
02/01/21,15557,1,1,1,67.67362,61.70317,10.0187961003,30.7665842309,1,1,0,1,0
02/19/20,15558,1,1,0,-142.23009,31.46684,10.2838852404,28.1972870723,23,5,1,1,1
07/08/20,15558,0,1,0,-37.62092,43.84238,9.7503201999,29.5618688852,33,15,1,1,1
02/06/21,15557,0,0,1,101.67203,36.93039,10.2346095769,30.6180083719,40,3,1,0,0
05/03/20,15555,0,1,0,85.62596,-74.59432,10.173561659,32.1428414032,1,36,1,1,1
01/06/20,15555,0,0,0,-140.77155,83.48377,10.5930094881,30.0143495193,8,34,0,1,1
12/28/20,15556,0,1,1,123.622,70.19724,9.8253515365,29.1106474946,34,8,0,0,1
10/09/19,15556,1,0,0,103.37924,-57.72964,10.2886391171,30.9649654214,24,47,1,0,1
07/29/19,15556,1,0,1,120.29882,82.52345,9.4854112761,29.2365543984,6,6,0,0,1
03/12/20,15560,1,1,1,4.8136,-57.9034,9.5669425943,28.7545375454,13,13,1,0,1
10/02/19,15558,0,0,0,-57.74619,36.69269,10.43246269,29.6112035006,29,37,1,1,0
04/24/19,15559,0,1,1,150.51133,-58.84402,10.4381861244,28.7252444212,40,5,0,0,0
03/27/19,15559,1,0,0,155.14185,3.67166,10.1424691472,28.7926881021,9,40,0,1,1
09/05/20,15556,1,1,1,113.613,-32.20955,9.413827657,30.6850116751,2,3,0,0,0
08/19/19,15555,1,0,1,-108.42089,54.98846,9.7434245121,31.422178836,15,17,1,0,0
09/09/19,15559,0,0,0,-115.66591,39.85768,10.3727841716,31.6159555275,28,22,1,0,1
07/08/19,15558,1,0,0,-154.42578,78.143,9.1146987502,29.0380940443,35,1,0,1,0
10/01/20,15558,0,0,0,12.32251,-23.58733,9.8875640351,31.1306441146,26,49,1,1,1
12/09/20,15556,1,1,1,-56.75979,16.83075,9.5446424073,30.3798137113,15,26,1,0,1
12/22/20,15560,0,1,0,-67.38298,-86.88646,10.286753322,30.4274076783,35,22,1,0,0
11/30/20,15559,0,1,1,44.37858,41.49499,9.8709684837,29.3738427863,6,12,0,1,1
09/19/20,15555,1,1,0,-95.26343,-52.41263,9.628518974,31.9201167574,26,14,1,0,0
07/22/19,15558,0,1,1,-19.91416,-59.80055,10.8251728133,30.2015295852,17,2,0,1,1
07/28/20,15560,0,0,1,75.76979,1.66113,10.0872344921,28.3873582121,28,40,1,1,1
09/15/20,15557,0,1,0,-100.99263,83.22248,10.4890252952,30.2871989327,8,2,1,1,1
08/21/20,15556,1,0,1,-140.90214,-44.21037,10.1723977144,29.461136427,33,25,1,0,1
04/18/20,15555,0,1,0,-0.51887,57.0503,10.9913489611,31.2646620751,20,29,1,1,1
10/24/19,15555,0,0,0,153.528,41.64542,9.9880462732,29.9102773312,33,44,0,0,1
07/12/19,15560,0,0,0,-176.4488,87.76938,10.5090416499,29.5362841089,37,28,1,1,0
10/20/19,15555,1,0,1,-86.80257,54.2681,9.6135940145,28.969902164,13,27,1,1,1
03/28/20,15559,0,1,0,3.01028,30.78347,10.4437348629,30.9264791338,16,12,0,1,0
08/03/19,15555,1,1,0,-173.86739,42.24301,9.3800483273,30.069873669,12,48,0,1,0
06/12/20,15557,1,0,1,-107.80018,31.67758,8.9529134963,30.7814987408,27,41,0,0,1
02/26/20,15558,1,1,1,-134.95896,38.43687,9.2174909617,27.4257776295,17,36,1,1,1
07/06/20,15558,0,0,0,118.15042,-65.44903,10.4900188358,30.4719732907,26,7,0,0,1
09/24/20,15559,0,1,0,-39.08187,84.9641,10.0833634013,28.8218230226,35,15,0,1,0
11/07/19,15555,0,0,1,-15.9217,63.13344,9.3736974407,28.3974814293,8,20,1,1,1
11/08/20,15558,1,0,0,136.87221,-73.92386,9.6961509895,29.37315505,22,11,1,0,0
03/16/20,15557,1,1,1,-14.29891,-22.99669,10.0782762806,31.1947394452,27,3,0,1,1
01/11/20,15555,1,0,1,-156.75164,-89.37733,9.8740913248,27.9467999779,24,21,1,0,0
07/27/19,15560,0,0,0,-131.9799,-39.51484,10.2622255764,32.3603977992,10,32,1,0,0
02/08/21,15558,1,1,0,150.60931,64.5687,8.8391757063,28.1168485176,9,25,1,1,0
01/07/20,15555,0,1,0,43.27977,5.70465,10.5867818662,30.5795657293,11,20,0,0,0
10/21/20,15556,1,1,0,-121.45327,9.49448,9.6657345427,29.3992058578,7,16,0,1,1
03/13/21,15558,1,0,1,-104.71025,8.42184,10.1189133578,30.100699941,40,26,1,1,1
09/28/19,15555,0,0,0,15.5941,78.29999,10.5630508305,28.8511218984,17,41,0,1,1
02/27/21,15559,1,1,1,12.0034,-52.49902,9.8694242822,30.4069977399,38,8,0,1,0
11/11/19,15560,0,0,1,-145.60535,-61.96237,10.1702091432,30.1700055365,33,7,1,1,1
10/30/20,15558,0,0,0,-152.58478,57.8399,9.7713491907,31.1904185186,1,48,0,1,0
07/11/19,15559,1,1,1,-91.72464,-27.46384,10.334175357,27.3340138695,18,27,0,0,1
03/22/20,15559,0,0,1,110.0395,31.93014,10.3801120676,29.3036053693,30,46,0,0,1
08/06/19,15558,1,0,0,178.00093,-77.1601,8.9412354953,28.5362896797,1,30,1,0,0
04/21/19,15559,0,1,1,-76.69943,58.1142,9.5805171309,29.9082835625,36,40,1,1,1
12/24/20,15557,1,0,1,40.64516,53.61901,10.3533763228,27.8921129607,22,18,1,1,0
02/05/20,15558,0,0,0,-157.4546,-37.0597,9.7687209758,29.5967830776,8,27,1,0,1
02/11/20,15555,1,0,0,-3.62516,-15.43218,9.4913971675,29.0914834226,4,14,1,0,0
10/04/19,15559,1,1,1,94.99924,62.28136,10.1317536004,29.2756850933,2,44,0,0,0
07/14/19,15559,1,1,0,-106.07689,-56.91012,10.3914139217,30.0881700354,7,32,0,1,0
06/07/20,15559,1,0,1,-74.48425,-27.65892,9.8655542791,29.2862153361,15,24,0,0,0
07/08/19,15555,1,1,0,-152.90746,54.56672,10.5494643016,30.0507906908,34,49,1,1,1
06/02/20,15556,0,1,0,96.56236,33.97251,9.9864776213,29.7271750836,32,13,0,0,0
01/06/20,15560,1,1,0,-158.46567,76.30843,9.4452670039,30.5617285726,33,1,1,0,1
02/20/21,15560,1,0,0,-163.44567,-86.61791,8.7105999956,31.5004349849,40,34,1,0,0
02/21/21,15555,1,1,1,13.22207,-59.38779,9.8925174302,30.403604322,20,38,1,1,0
07/04/19,15556,1,0,1,160.04352,81.60335,10.2020972704,28.4010481693,36,21,1,0,0
05/10/19,15556,1,0,1,86.3985,30.68216,9.0842209438,27.4902920748,32,33,0,0,1
08/01/19,15560,0,0,1,-88.31256,80.42558,10.5226305447,31.6163997345,15,39,0,1,1
04/01/20,15555,1,0,1,146.77203,20.57651,10.3285665768,30.3922820716,25,35,0,0,0
12/03/19,15559,0,1,0,-127.18908,55.63903,10.2055738145,29.7924382379,3,14,0,0,0
01/10/20,15555,1,0,0,134.91831,-47.78649,9.3115119318,30.8905178921,12,6,0,0,0
06/17/19,15559,0,0,0,130.43388,73.39523,9.7645838159,28.8553011541,31,9,0,0,0
08/25/19,15560,0,0,0,105.10851,-61.8624,10.2311251203,29.4158758722,28,19,1,1,1
05/24/20,15557,1,1,1,-170.40187,37.7323,9.4353566751,30.1625329318,10,46,1,0,0
08/18/20,15559,0,0,1,167.04303,83.9115,10.2080478752,31.2711256996,30,49,1,1,0
05/14/20,15557,0,0,0,121.44588,-38.75694,9.9768090572,29.8738494115,34,35,1,0,0
03/18/21,15557,1,0,1,150.34869,-62.34561,9.9882198584,28.9328264015,36,6,0,1,1
03/26/19,15558,0,1,0,72.80843,68.58305,9.6286967926,28.9546172695,22,20,1,1,1
02/09/21,15555,1,1,0,-48.74954,43.33498,10.0826045114,31.112091844,32,33,0,0,1
05/19/19,15560,0,0,0,-5.01178,89.89796,10.0762624017,27.0854356941,36,12,1,1,0
09/28/19,15559,0,0,1,-93.62538,-34.22342,10.3581284166,29.2877685737,7,47,1,1,1
11/28/19,15558,0,1,1,-13.37214,66.5889,8.8749565965,30.0515665372,25,22,0,1,0
09/05/20,15556,0,0,1,-153.26278,65.92657,10.2981536362,29.6590104722,24,39,1,0,1
03/23/21,15559,0,1,1,28.05247,-31.97896,10.0883359656,31.469849899,11,17,0,1,0
08/09/20,15559,1,0,1,-179.46527,-60.95175,10.0699522773,30.6828588187,22,16,1,0,0
12/29/19,15558,1,0,0,59.67649,75.28109,10.467032668,30.9497502315,34,12,1,0,1
12/05/19,15559,0,1,0,27.02786,-62.28557,10.1145813711,29.4355854229,38,7,0,1,1
03/03/21,15555,0,1,1,-155.03524,57.67056,9.7327080802,29.5106343814,10,29,0,1,1
08/20/19,15556,0,1,1,175.47858,20.09026,9.9262799259,27.8263755058,36,3,0,1,0
07/02/19,15555,0,0,1,71.04161,73.01381,9.6276829002,31.0356185513,25,16,0,0,0
01/18/20,15559,1,0,0,-57.6491,17.67502,10.6023361335,28.5869272409,33,12,0,0,1
12/10/20,15555,0,1,0,31.46048,43.51323,9.4992993932,30.23736098,29,42,1,0,1
12/11/20,15558,1,0,0,-151.38992,-4.34851,10.2201330745,30.5786378952,11,39,0,1,0
02/29/20,15560,1,0,1,-99.76332,-62.72199,10.054497638,29.032914489,6,8,0,1,0
04/30/20,15559,1,1,1,-48.4729,57.21089,10.017070207,33.6291540036,39,20,0,1,0
04/16/19,15559,0,0,1,155.83457,81.39546,10.4244738346,28.9650190939,24,15,0,1,1
05/17/19,15558,1,0,1,-127.64969,-38.45503,10.0565200717,30.2548202095,2,39,1,0,0
12/06/19,15555,1,1,1,1.66866,78.39514,9.6904705184,29.6442126632,37,32,0,0,1
07/30/20,15556,0,1,0,87.01489,-77.63589,9.80528553,31.1734132294,2,40,0,0,1
04/17/20,15558,0,1,0,115.66615,54.47792,9.6837628637,28.1540437581,20,34,1,0,1
07/05/19,15557,0,0,1,-64.47294,47.46605,10.4842255496,29.8527464513,21,27,1,1,0
09/25/20,15557,1,0,1,-116.68291,11.21689,10.0499581037,32.6763008197,17,34,0,1,1
12/20/20,15555,1,1,0,59.16945,-29.72391,10.0778270242,29.6714299277,26,12,1,1,0
03/27/20,15559,1,0,0,115.05049,-6.24248,9.550547625,29.3873576694,11,4,0,1,1
06/10/20,15555,1,0,1,98.02609,-29.79551,9.6587651295,29.6714995842,11,24,1,1,1
01/12/20,15559,0,1,1,-127.10864,35.15493,10.1689756434,31.2053896184,5,38,1,1,1
08/31/19,15555,0,1,0,90.68212,78.2676,10.3096421597,28.1104934049,3,4,1,1,0
12/23/19,15556,1,0,1,-4.91851,-42.20077,10.9424030261,29.1745212046,38,12,0,0,0
08/31/20,15556,1,0,0,-114.34209,10.60272,10.0374545312,29.4854069073,28,28,1,0,0
07/10/19,15560,0,0,0,148.00446,-13.63956,9.1524025342,31.6773413379,2,41,0,0,1
10/03/20,15558,1,0,1,-140.03015,64.94073,10.0991996567,29.7037828378,1,40,1,1,1
10/02/20,15555,1,1,1,6.84499,-89.76278,9.9294218705,31.4327167783,36,32,0,1,1
12/05/20,15558,0,0,1,91.04662,-84.93471,9.1207539714,30.5743126176,25,2,1,0,1
10/18/20,15560,0,1,0,95.0013,39.94215,10.3873950527,30.444364576,40,45,1,1,1
04/23/20,15555,0,1,0,112.5148,-1.70258,10.3469218421,31.0571496108,17,13,0,0,0
02/22/20,15556,1,1,1,53.83822,-7.76548,10.1503700537,29.805933895,35,42,0,1,1
03/08/20,15559,0,1,0,171.12078,56.58449,10.1926474681,30.5528271624,31,9,0,1,0
07/21/19,15558,0,0,0,124.56005,-66.56047,10.125417281,29.8852010728,10,31,1,0,1
04/30/20,15558,1,1,0,104.64431,42.35108,10.2362223157,27.8794302814,4,11,0,1,1
10/03/20,15558,0,0,1,-48.64386,6.71366,10.3778881688,28.7556193462,12,2,0,1,1
03/14/21,15558,1,1,0,109.59781,13.24553,9.692069027,29.8262721758,1,42,1,0,1
10/27/19,15558,0,1,0,116.04667,-63.32575,9.2194936571,30.8373273968,34,28,1,0,0
04/27/19,15558,1,0,1,-91.11441,71.60855,9.8202946721,28.0760813509,3,13,1,0,0
11/15/19,15555,1,1,1,-30.02175,6.28229,10.0420917885,30.0563968936,28,28,1,1,1
10/27/19,15556,1,0,1,47.5221,-69.96205,10.1204673436,29.7305700004,31,32,1,0,0
06/19/19,15557,0,1,1,-38.10245,35.43095,10.6657908051,28.0752443816,5,48,1,0,1
01/01/20,15560,0,1,0,-148.17161,-39.55559,10.9981219601,30.0728669204,35,31,1,0,1
09/12/20,15560,1,0,0,-71.23063,60.94094,8.5293794829,29.5373870249,16,6,0,0,0
01/31/20,15556,1,0,0,125.20137,-81.32902,9.5767821843,30.5347233766,14,27,1,1,0
10/13/20,15559,0,0,0,-32.5245,43.16024,9.1510248007,31.2064963498,6,37,1,0,0
07/23/19,15560,1,1,0,175.20806,22.25723,10.2673824512,28.3609401045,28,47,0,1,1
10/30/19,15557,1,0,1,35.88194,-31.75759,9.917613188,28.1785984167,16,25,1,1,0
03/22/20,15555,1,1,0,63.19487,69.78214,8.858825995,30.2739119681,29,18,0,0,0
03/04/20,15557,0,0,1,-118.65796,-49.79492,10.9094830522,28.9752936619,10,22,1,1,1
05/29/20,15556,0,0,0,-58.03209,-88.26475,9.889212531,30.0731934561,9,49,0,1,0
08/02/20,15557,0,0,0,-18.38353,-74.54039,9.453371078,29.8554570188,10,29,0,0,0
12/14/19,15557,0,0,0,-25.14285,5.80275,10.2232346327,28.5568586111,39,36,0,0,1
11/08/19,15557,1,0,1,6.1489,51.76926,9.6250525512,30.3729960738,30,50,1,0,0
07/30/20,15558,0,1,0,-115.90628,-79.97269,9.941614203,29.6610078477,30,41,0,0,1
01/30/20,15559,0,0,0,21.14552,-76.19529,9.8633300609,28.9602893013,31,14,0,0,0
01/18/21,15559,1,1,0,-163.99084,-83.93952,10.5095818148,28.8444941235,5,7,0,0,0
03/25/20,15557,0,0,0,163.89113,-88.35902,9.7683402039,31.5386319464,3,18,1,0,1
09/25/19,15559,0,1,0,110.34815,-79.65973,10.5873970853,29.660175791,28,24,1,1,1
07/24/20,15559,1,0,0,-11.6509,72.34293,8.9727657532,30.3276793399,5,32,1,1,1
06/26/19,15560,1,0,1,-177.63502,3.43354,10.7257212842,30.072493697,28,37,1,1,1
06/05/19,15559,0,0,0,109.06337,77.26364,10.1543431385,30.5109273153,25,1,0,0,0
01/15/21,15560,1,0,1,150.70156,31.53756,9.4267175549,31.4643371326,2,21,1,0,0
12/24/19,15555,1,0,0,-12.1142,-41.42539,9.5559490217,30.224954406,13,41,0,1,0
06/21/20,15555,0,1,0,-6.91336,-26.3026,9.7915211752,28.8335257753,6,16,0,1,1
02/07/21,15557,1,1,1,-114.40185,53.38388,9.7991218041,32.0826600152,5,24,0,1,1
04/18/19,15558,1,0,1,175.23161,-79.48425,9.364775681,31.0237332516,2,45,1,0,1
07/13/20,15557,1,0,1,-71.32745,8.723,10.8235054229,29.2183658624,40,19,1,1,1
03/27/20,15559,0,1,1,-50.70081,66.88507,10.3931686855,29.8617015813,24,9,0,1,1
12/21/19,15555,1,1,0,80.16741,-84.08434,9.7373706947,28.7224951613,31,18,0,0,1
12/29/19,15555,0,1,0,-55.99665,73.10384,11.0580127687,29.7278687197,23,31,0,0,1
02/06/20,15557,0,1,1,-9.91607,81.04165,9.1355165668,29.3354952702,40,45,1,0,1
12/14/20,15556,0,1,1,-57.22149,-67.92067,9.4210537774,28.4341673518,39,29,1,1,1
10/03/19,15556,0,0,1,135.3873,79.27032,9.6164625698,31.5767782486,13,23,0,0,0
10/02/19,15558,0,0,1,-142.57406,-59.7675,9.7739453676,29.6098830918,28,49,1,1,1
02/24/21,15555,0,0,1,5.222,-33.78301,10.0211374243,32.1854612909,40,34,0,0,1
06/11/20,15555,1,0,1,176.58825,-44.0267,9.4217356093,29.3225233427,37,44,1,1,0
10/08/19,15560,0,0,0,-89.05709,-9.42387,10.3063240778,32.6189210031,4,44,1,0,1
11/13/20,15558,1,0,1,158.31474,-73.84525,9.2390533547,27.7234714302,4,38,0,1,1
11/28/19,15557,1,0,0,-145.45327,36.77082,9.8231419773,29.2668153299,21,48,1,1,0
04/04/19,15555,0,1,0,138.47225,24.23375,10.1363122483,29.7608443259,13,27,1,1,0
02/17/20,15560,0,0,0,-66.77536,44.48346,9.9596256076,28.6559819771,9,32,0,0,1
09/23/20,15556,0,1,1,-28.47719,-44.17147,8.9223763014,30.0319752152,8,29,1,0,1
08/03/20,15556,0,1,0,-135.03748,59.00109,10.465642807,29.321954259,8,8,0,1,1
05/01/19,15558,1,1,0,-89.38441,55.02688,10.1875056064,29.9585507097,19,4,1,1,1
03/23/20,15555,0,0,0,-8.4169,11.60454,10.3534358412,32.115787977,2,40,1,1,1
06/15/20,15557,0,0,1,133.19038,-19.68326,9.8114083387,30.6597556442,11,40,0,1,0
07/27/20,15559,1,0,0,-38.64492,53.63096,9.4937179753,31.2912242564,3,39,0,0,0
11/07/20,15558,0,0,0,151.23916,26.43768,9.827675716,27.3527898637,36,18,0,0,1
06/13/19,15560,1,0,1,32.45207,-25.84602,10.2910065634,29.8048728414,37,8,1,1,0
10/22/20,15560,0,1,1,106.56308,-25.11369,10.9800120923,32.0733492185,4,34,1,0,1
02/07/20,15555,0,1,1,-173.24039,-88.05764,10.1283666374,29.1571613985,30,3,0,0,1
04/02/20,15558,0,0,1,53.82817,-1.3506,9.6498859176,30.2426635604,12,49,0,1,0
05/09/19,15558,1,0,1,-60.9485,18.46625,9.8885002556,29.8620028852,33,11,0,1,1
02/04/21,15559,1,1,0,133.56257,71.71128,9.3993186965,31.4250747313,33,8,1,0,1
12/23/20,15559,0,1,0,-160.53485,71.67127,10.2993926158,27.3141022156,27,23,1,1,0
02/04/21,15558,1,0,0,25.38368,-80.78662,10.5268317396,30.3468726075,16,26,1,1,0
08/01/19,15560,0,0,1,22.61794,53.2787,10.345813557,28.628869185,26,9,0,0,1
08/29/19,15555,1,0,1,43.10162,-2.26137,9.4966051834,30.9701489422,27,31,0,1,1
11/17/19,15557,0,1,1,-19.40275,-11.6634,9.8227839237,27.2562273639,14,10,0,1,1
08/29/19,15555,0,0,1,-59.69646,41.58032,9.7515010132,28.3553386034,30,24,1,0,1
03/29/19,15557,1,1,1,-34.72609,-77.80664,9.6593975226,28.7408425121,36,22,1,0,0
08/27/20,15556,1,0,0,1.42789,-48.77663,9.9666411052,29.3180696851,24,19,1,1,1
10/06/20,15555,1,1,1,-21.49491,-1.58608,9.9677200784,28.6039407371,9,11,1,1,1
09/22/20,15555,1,0,0,170.4099,-83.24873,10.6698168755,31.7797032822,34,41,0,1,0
06/02/19,15557,0,1,0,89.49178,-13.3848,10.0166180811,32.4638137155,3,11,1,1,1
03/02/20,15556,0,1,0,112.59118,36.73561,9.7162057003,30.8296410313,25,2,0,1,1
07/03/19,15556,1,0,1,114.25568,-89.61235,10.2916942664,29.6283525939,16,10,1,0,1
09/27/20,15560,0,0,0,-23.99423,71.05323,10.2791010812,28.8227038679,40,36,0,0,1
12/08/19,15557,0,0,1,-129.77933,-44.28238,9.5993849393,28.8308170293,7,41,0,1,1
11/23/20,15556,1,0,0,-1.51325,-51.05881,9.4873419999,27.5253566861,3,4,1,1,0
09/26/19,15555,0,1,1,118.5575,-14.15781,9.2506460444,29.5172612586,9,19,1,0,1
11/08/20,15560,0,0,0,107.44138,77.39235,10.4992898895,27.030594861,25,39,0,0,1
04/04/20,15555,0,0,1,35.17807,25.08363,10.7695527382,31.8983140535,29,19,0,0,1
12/01/19,15556,1,1,1,153.96792,3.06445,9.7052315997,31.6859017585,15,16,0,1,0
05/06/19,15557,1,1,1,122.96251,-83.97612,10.7321562211,27.8778971516,18,19,1,1,0
05/18/19,15556,0,0,0,-51.64072,-27.86034,8.9075400753,30.8026674864,31,1,1,0,1
09/15/20,15558,0,1,1,47.93368,-5.12177,10.1496583753,30.796128545,26,36,1,0,0
06/20/20,15559,1,0,1,20.47466,-28.84674,10.4348688732,31.1383746153,7,34,1,1,1
02/18/20,15557,0,0,1,145.53496,0.54795,10.0326094571,30.1093936412,22,14,0,1,1
11/17/20,15557,1,1,0,-18.32359,-61.62997,10.6520403902,29.2367137945,34,4,0,0,1
07/12/19,15557,1,0,1,-136.84778,78.06513,9.7336351045,28.7150833814,18,50,1,1,0
09/25/20,15560,0,0,0,30.42828,35.69959,10.1707164407,29.5297233118,22,39,1,0,1
04/28/20,15560,0,0,0,168.54991,63.25267,9.2713973117,30.9110055397,26,42,0,1,1
09/22/19,15555,1,1,1,-128.60611,-89.80749,10.0947946016,31.661500672,38,48,1,0,0
03/17/20,15555,1,0,0,-156.69819,-46.2828,9.6784362952,33.0383416993,6,25,1,0,1
05/25/20,15555,1,1,1,-145.07264,-11.21644,9.831150526,30.4588048634,28,16,1,1,0
05/17/19,15556,1,0,1,86.91431,54.54616,10.6875138709,29.561440571,24,4,1,0,0
09/10/19,15559,0,1,0,55.72046,49.92042,10.4313011652,28.8118602825,38,20,1,1,1
08/19/20,15558,1,1,1,-44.77133,-42.38185,9.0939410937,32.9868954945,4,49,1,0,0
07/17/20,15558,0,1,0,133.76443,-47.55488,9.195388237,30.3311080546,8,8,1,1,0
10/19/20,15557,0,0,0,-64.66686,-34.44806,9.5334407897,30.2525299138,7,4,1,1,1
11/27/19,15558,1,0,1,76.75131,66.35065,10.2205373965,30.5025758859,10,25,1,0,0
10/28/20,15556,0,0,0,106.3655,-55.35123,10.0534702523,29.7428124114,6,2,0,0,1
12/03/19,15555,1,1,1,134.28576,12.36483,10.4717616281,29.4286849333,34,34,1,0,1
07/02/19,15555,1,1,1,-164.88101,-20.23174,9.8614294034,29.8232112778,39,31,0,1,0
12/21/20,15556,1,0,1,145.70212,-21.90582,10.3953930126,29.4257593976,24,12,0,0,0
07/30/20,15558,0,0,1,96.97449,73.85112,9.3916181896,31.6338937932,3,33,1,1,0
05/13/20,15555,1,1,0,-171.45987,30.54279,10.296712037,30.7656296768,38,19,0,0,1
05/28/20,15557,1,0,0,154.30534,83.66429,10.6741961882,30.2615169696,39,28,1,1,0
12/17/20,15558,0,1,0,171.01824,46.67452,9.3426247322,29.795792873,3,39,0,0,1
09/15/19,15556,0,1,0,75.45267,-86.16916,9.702028574,26.4915023853,2,2,0,1,1
09/13/20,15555,1,0,0,49.88266,-11.2602,11.0369401678,32.838467181,1,2,1,0,0
01/15/21,15559,0,0,0,145.4661,89.61307,10.4807791583,28.3863642742,29,3,0,1,0
03/13/20,15560,1,1,0,-173.53536,87.05963,10.2735642429,30.1623029535,23,34,0,0,0
02/24/21,15557,0,0,1,11.88717,-60.26264,9.3703883102,30.4649680671,30,1,0,0,0
06/27/20,15555,0,1,0,-154.1062,-4.88805,9.862997104,30.4764765787,18,27,0,1,0
11/14/19,15555,0,1,1,88.58233,-51.25962,10.8055717831,31.2954497281,38,33,0,1,1
03/24/21,15558,0,0,0,-169.6702,-85.96517,10.1691987599,30.2590048155,10,27,1,0,1
04/28/19,15559,1,0,1,123.90245,6.22364,9.6744983714,29.0047824161,10,37,1,1,0
07/24/20,15560,1,0,0,123.45151,68.68579,9.9225152803,30.7029646706,2,19,1,1,1
08/05/20,15555,1,0,0,151.54467,-72.84057,9.6857378518,30.5855624303,13,21,1,0,1
02/01/21,15559,1,0,1,-173.35116,47.98302,10.6940224533,30.3422684441,34,22,1,1,0
08/05/19,15556,0,0,0,56.61477,-83.30125,10.4879112718,29.6912536312,26,9,0,0,1
06/13/19,15560,0,1,0,89.1681,62.60863,10.6211845739,29.5421993312,27,21,0,0,0
12/29/19,15555,1,0,1,-31.70031,37.40434,9.4788801206,31.5435590095,17,20,1,0,0
03/17/20,15557,1,1,1,-161.98671,-6.88364,10.9324412876,29.4644112944,16,6,0,1,1
05/29/20,15558,0,1,1,-60.46311,-13.54994,10.2426491987,28.5940910919,8,4,0,1,0
03/21/21,15558,0,1,0,19.9087,52.94633,11.3130817585,30.8717750625,29,15,0,1,0
01/31/20,15558,0,1,1,-113.55664,81.44641,8.7840678468,29.0902058438,25,50,0,1,0
10/25/20,15558,1,0,1,128.70266,-52.48272,9.0402832028,28.1521983873,17,37,1,0,1
02/17/20,15558,1,1,1,-87.96399,20.27182,9.4533011665,30.3405894289,19,50,0,1,0
01/13/20,15560,0,0,0,-27.86244,29.25177,9.6110010052,29.0024419972,4,1,1,1,1
05/03/19,15559,1,0,0,38.08143,82.14412,9.4694595363,30.8757300541,21,50,1,1,1
11/21/20,15559,0,0,1,-171.70178,41.69124,11.1294383207,28.1389220859,18,30,1,0,0
02/20/21,15556,1,0,1,121.50196,-49.0739,9.8105392759,29.069806328,13,17,0,0,0
06/02/20,15557,0,1,0,130.25323,-8.44931,9.7949340201,29.3082141824,6,42,0,0,0
07/25/20,15559,1,1,1,-24.69684,-69.84213,9.6467250345,29.9302017037,20,27,0,0,1
12/15/19,15559,0,1,1,-3.73641,12.99102,9.4778180598,28.0780674903,7,41,1,1,0
11/18/20,15555,1,0,1,144.65488,-53.6435,10.3183780931,28.1400529457,12,38,0,0,1
09/20/19,15560,1,1,0,-57.89748,-31.5399,10.2098720879,30.5647661844,35,7,0,0,1
11/03/19,15556,0,0,1,78.34521,48.79782,10.029214706,31.5775379563,35,16,1,0,0
01/09/21,15556,0,1,0,77.4344,29.54078,9.5068800866,30.4218056174,30,28,0,1,0
01/14/21,15555,1,1,0,87.928,74.60304,9.0433421926,29.2249224227,18,41,1,0,0
07/11/20,15558,1,0,1,-35.67102,78.011,10.1066415292,29.3115622781,15,50,1,0,0
04/20/20,15559,0,0,1,-163.94057,-17.62663,10.9848965639,31.7684372036,30,50,1,0,0
06/18/19,15556,0,0,0,146.21699,61.1943,9.9487685855,29.4698879335,15,4,0,1,0
04/28/19,15555,0,1,1,39.13724,-18.78376,9.6046829959,29.8866058072,9,34,0,0,1
06/27/19,15556,1,1,0,24.08621,-22.98013,10.4872030142,29.0558290244,26,33,1,0,0
09/22/19,15559,1,0,1,117.12927,19.23036,10.5559350575,31.2611245789,25,40,1,1,0
06/20/19,15559,0,0,0,-152.82167,-87.91662,10.3643794453,30.2054244675,13,5,1,1,1
01/23/20,15560,1,1,1,33.41354,25.2585,9.8152004452,30.0927207422,36,32,0,0,1
06/29/20,15556,0,1,0,69.94529,62.65906,9.5775167682,29.7567459845,2,48,1,0,1
03/12/20,15559,0,0,0,-139.40129,43.97108,11.1783577307,30.0241852433,21,13,1,0,1
04/29/19,15555,1,1,0,65.39905,50.98527,9.9707180434,28.1772535367,8,41,0,1,0
03/13/21,15559,1,0,0,-141.06324,64.09626,9.7491101263,27.986987352,30,4,1,1,1
12/13/20,15558,1,1,1,136.16582,-74.69473,9.7226048234,31.1700115578,11,27,0,1,1
05/08/20,15557,0,1,0,72.22148,74.37423,9.4458398029,30.3659927838,8,12,0,1,0
06/27/20,15555,1,1,0,-17.24737,47.71908,9.662847442,30.4174440321,33,34,1,0,1
08/31/19,15555,1,0,0,-143.88168,55.88763,10.5354362997,31.6673312911,7,28,0,1,1
06/25/20,15559,0,1,1,88.4984,-67.4236,9.183425313,29.6203577456,13,25,0,1,1
08/02/20,15556,0,1,1,131.79148,10.332,9.9767872952,28.5227642336,27,40,0,1,0
07/08/20,15557,1,1,0,-151.88373,52.63779,9.9520583182,29.9367760807,14,25,1,1,0
10/27/19,15558,1,0,0,165.87044,-14.49547,9.9857926004,29.9102663669,23,21,1,0,1
08/31/19,15557,1,0,0,-127.30892,50.09057,9.4465126215,29.8492929605,12,19,1,0,1
07/15/19,15555,1,0,0,-42.32253,17.62691,9.0120742427,28.8471128111,8,21,0,0,1
05/20/20,15558,0,0,1,35.59884,37.66627,10.0585489648,30.8271726856,30,10,0,0,0
04/04/19,15558,0,1,1,-31.66296,-30.97854,9.4919131096,30.6290001213,3,7,0,1,1
08/11/19,15557,0,0,0,112.47206,5.14034,10.9133277527,31.3099464753,26,37,1,1,1
07/06/20,15558,1,1,1,71.78801,-25.86909,10.0274465314,31.8597223224,39,36,0,0,0
12/25/19,15555,1,1,0,93.81438,2.76071,10.3385834358,29.0931561671,24,18,1,0,1
12/25/20,15560,0,0,0,74.0207,78.17058,8.9793245779,29.2803976104,25,32,1,0,0
08/11/19,15556,1,1,0,102.04203,-27.64602,10.0012798967,30.6009982997,7,3,0,0,0
08/29/20,15556,1,1,0,-146.95026,-51.25559,10.9881440904,30.8137126471,23,2,0,1,0
02/26/21,15556,1,0,1,-42.86541,55.13691,10.4143008022,27.3387775567,31,13,0,0,1
01/15/20,15560,1,0,1,-80.50557,-11.35546,10.134992842,31.1871212113,9,26,1,0,0
11/13/20,15557,0,1,0,-85.0375,14.05938,10.2386104683,29.5158831091,13,35,1,1,1
09/21/19,15559,0,1,1,63.73408,77.95837,9.7451470221,30.7508804846,24,5,0,0,0
02/18/20,15559,0,1,1,101.25248,82.06096,9.6158020825,31.0832371647,34,33,1,0,0
08/18/20,15560,0,0,0,-1.40186,18.87056,9.5199046311,28.6983181183,31,28,1,0,1
12/01/19,15559,0,1,0,142.55285,-73.61834,10.4472145338,31.1276175482,25,25,0,0,0
05/07/20,15557,1,0,0,-82.49991,61.16705,10.1234932638,31.0458266723,40,27,0,1,1
12/14/19,15557,0,1,0,-153.09898,37.44466,8.7517766751,29.5227894197,19,10,1,0,1
07/12/20,15556,1,1,1,90.01922,-3.66164,10.0011797877,29.0919017637,16,32,0,0,1
01/31/20,15560,1,0,0,109.07579,0.05468,10.5808192609,29.7031515933,38,15,0,0,0
10/28/19,15558,0,0,0,-144.77214,53.0407,10.9279144954,30.6820075619,14,21,1,1,1
09/30/20,15555,1,0,1,-89.02044,21.21952,10.8655629584,28.887904582,36,32,1,0,0
01/01/20,15556,0,1,0,-148.66997,-71.22774,10.2944469852,30.8542273735,10,11,0,0,0
12/13/20,15560,1,0,0,28.65412,67.89141,10.3086189543,30.4373025864,14,19,0,1,1
09/11/19,15556,0,0,0,-69.61568,-30.20864,9.8501072136,29.5676783467,23,29,1,1,0
04/09/19,15555,1,1,0,-93.27613,-41.8511,10.6859907699,30.4870396899,18,21,0,0,0
10/11/20,15557,1,0,0,-81.06017,-36.00551,10.1422126752,30.5627374472,28,20,1,0,1
05/11/19,15558,1,0,1,109.4963,33.88592,9.5672671033,29.7700858079,19,21,0,1,1
10/02/20,15557,0,0,1,-167.68775,15.83178,10.633237474,30.3666155236,30,47,0,0,1
08/27/20,15557,1,1,1,-41.28009,-57.61718,10.602884131,29.7491911249,16,9,1,1,1
08/12/20,15557,1,0,1,-151.40636,67.45984,10.1999576143,29.2075728338,25,45,1,0,0
02/28/20,15556,0,0,0,16.92837,59.8415,9.7154807115,30.5137628027,25,7,0,0,0
08/06/19,15559,1,0,1,160.26179,-10.99284,9.3167326382,28.7712538112,25,36,1,1,1
08/09/19,15558,0,0,1,-119.8029,38.22409,10.2654751956,31.1385896855,26,8,0,0,1
04/15/19,15557,0,0,1,147.51284,-63.94987,9.7086691096,28.8721489991,37,26,1,0,0
06/20/20,15555,0,1,1,81.21738,50.51325,10.3634811714,28.2402593435,11,3,1,1,0
12/05/20,15560,0,1,0,77.42694,78.24362,9.8289986937,31.840542529,23,21,1,0,0
05/19/20,15559,0,0,0,133.01729,29.49865,10.4072202237,32.7170614742,27,7,0,1,0
12/12/19,15559,0,0,0,-47.50609,-41.90363,9.9610952941,30.416362915,31,21,1,1,1
